,"liver", "affiliation", "id", "sex", "country", "ip"
"1","七海Nana7mi","vr",434334701,"女","中国","上海"
"2","中单光一","vr",434401868,"男","中国","上海"
"3","内德维德","independent",90873,"男","中国","新疆"
"4","弥希Miki","vr",477317922,"女","中国","江苏"
"5","星弥Hoshimi","vr",477342747,"女","中国","上海"
"6","真绯瑠mahiru","vr",477306079,"女","中国","上海"
"7","阿萨Aza","vr",480680646,"男","中国","上海"
"8","雪绘Yukie","vr",56748733,"女","中国","上海"
"9","千春_Chiharu","vr",558070433,"女","中国","湖南"
"10","悠亚Yua","vr",666726799,"女","中国","日本"
"11","勺Shaun","vr",666726801,"女","中国","英国"
"12","勾檀Mayumi","vr",690608693,"女","中国","北京"
"13","九十九_Tsukumo","vr",690608702,"女","中国","日本"
"14","瑞娅_Rhea","vr",690608698,"女","中国","浙江"
"15","恋诗夜Koxia","vr",690608690,"女","中国","上海"
"16","雾深Girimi","vr",1484169431,"女","中国","上海"
"17","茶冷_Channel","vr",741520,"女","中国","湖北"
"18","阿梓从小就很可爱","vr",7706705,"女","中国","上海"
"19","小可学妹","vr",14387072,"女","中国","上海"
"20","诺莺Nox","vr",529249,"女","中国","上海"
"21","红晓音Akane","psp",899804,"女","中国","上海"
"22","东爱璃Lovely","psp",3821157,"女","中国","江苏"
"23","李豆沙_Channel","psp",1703797642,"女","中国","日本"
"24","白神遥Haruka","psp",477332594,"女","中国","陕西"
"25","病院坂Rei","psp",1041474702,"女","中国","河南"
"26","夏诺雅_shanoa","independent",1612112,"女","日本","日本"
"27","雫るる_Official","independent",387636363,"女","日本","日本"
"28","明前奶绿","independent",2132180406,"女","中国","上海"
"29","九重紫Official","independent",225347042,"女","日本","日本"
"30","-阿蕊娅Aria-","independent",10850238,"女","中国","英国"
"31","步玎Pudding","independent",416622817,"女","中国","澳大利亚"
"32","烛灵儿Hikari","independent",399815233,"女","中国","安徽"
"33","胡桃Usa","providence",12497617,"女","中国","上海"
"34","花花Haya","providence",269415357,"女","中国","江苏"
"35","路希维德Wiede","meta-mythos",2006452883,"女","中国","辽宁"
"36","美月もも","independent",2073012767,"女","日本","日本"
"37","早稻叽","chaoslive",1950658,"女","中国","上海"
"38","尼奈nine_Official","independent",163653,"女","中国","广东"
"39","陆鳐LuLu","independent",1856528671,"女","中国","加拿大"
"40","罗菈Rola","another-project",2052064438,"女","中国","广东"
"41","奈姬Niki","another-project",3035105,"女","中国","上海"
"42","折原露露","independent",631070414,"女","中国","湖北"
"43","可妮Koni_Official","independent",1372936974,"女","日本","加拿大"
"44","眞白花音_Official","chucolala",401480763,"女","日本","日本"
"45","奈奈莉娅Channel","independent",489146840,"女","中国","浙江"
"46","小柔Channel","虚研社",1734978373,"女","中国","北京"
"47","艾露露Ailurus","虚研社",1501380958,"女","中国","北京"
"48","りんうらん霖雨蘭","independent",34815578,"女","日本","日本"
"49","永雏塔菲","independent",1265680561,"女","中国","云南"
"50","東雪蓮Official","independent",1437582453,"女","中国","日本"
